	expected_N1_Drosophila_melanogaster_Drosophila_simulans	observed_N1_Drosophila_melanogaster_Drosophila_simulans	Type
AC	0.0	0.0	Polar-nonPolar
AD	5.735586694436742	6.0	Acidic-nonPolar
AE	5.347132227002676	10.0	Acidic-nonPolar
AF	0.0	0.0	nonPolar-nonPolar
AG	8.687745681831302	13.0	nonPolar-nonPolar
AH	0.0	0.0	Basic-nonPolar
AI	0.0	0.0	nonPolar-nonPolar
AK	0.0	0.0	Basic-nonPolar
AL	0.0	0.0	nonPolar-nonPolar
AM	0.0	0.0	nonPolar-nonPolar
AN	0.0	0.0	Polar-nonPolar
AP	9.236830251922306	14.0	nonPolar-nonPolar
AQ	0.0	0.0	Polar-nonPolar
AR	0.0	0.0	Basic-nonPolar
AS	8.562072582728533	20.0	Polar-nonPolar
AT	34.80846245707238	39.0	Polar-nonPolar
AV	29.188887740516986	15.0	nonPolar-nonPolar
AW	0.0	0.0	nonPolar-nonPolar
AY	0.0	0.0	Polar-nonPolar
CD	0.0	0.0	Acidic-Polar
CE	0.0	0.0	Acidic-Polar
CF	3.5810160114142016	6.0	Polar-nonPolar
CG	3.6735295784426	1.0	Polar-nonPolar
CH	0.0	0.0	Basic-Polar
CI	0.0	0.0	Polar-nonPolar
CK	0.0	0.0	Basic-Polar
CL	0.0	0.0	Polar-nonPolar
CM	0.0	0.0	Polar-nonPolar
CN	0.0	0.0	Polar-Polar
CP	0.0	0.0	Polar-nonPolar
CQ	0.0	0.0	Polar-Polar
CR	10.0863091219682	2.0	Basic-Polar
CS	6.56731858623399	8.0	Polar-Polar
CT	0.0	0.0	Polar-Polar
CV	0.0	0.0	Polar-nonPolar
CW	2.8098563204834917	3.0	Polar-nonPolar
CY	11.63359574092782	6.0	Polar-Polar
DE	14.053830765742434	28.0	Acidic-Acidic
DF	0.0	0.0	Acidic-nonPolar
DG	21.764571215138474	7.0	Acidic-nonPolar
DH	5.263398823574556	4.0	Acidic-Basic
DI	0.0	0.0	Acidic-nonPolar
DK	0.0	0.0	Acidic-Basic
DL	0.0	0.0	Acidic-nonPolar
DM	0.0	0.0	Acidic-nonPolar
DN	28.051531710037786	18.0	Acidic-Polar
DP	0.0	0.0	Acidic-nonPolar
DQ	0.0	0.0	Acidic-Polar
DR	0.0	0.0	Acidic-Basic
DS	0.0	0.0	Acidic-Polar
DT	0.0	0.0	Acidic-Polar
DV	4.311405561139268	6.0	Acidic-nonPolar
DW	0.0	0.0	Acidic-nonPolar
DY	5.60702424786085	4.0	Acidic-Polar
EF	0.0	0.0	Acidic-nonPolar
EG	23.268829987003596	19.0	Acidic-nonPolar
EH	0.0	0.0	Acidic-Basic
EI	0.0	0.0	Acidic-nonPolar
EK	31.76490147664474	29.0	Acidic-Basic
EL	0.0	0.0	Acidic-nonPolar
EM	0.0	0.0	Acidic-nonPolar
EN	0.0	0.0	Acidic-Polar
EP	0.0	0.0	Acidic-nonPolar
EQ	6.772446552180689	13.0	Acidic-Polar
ER	0.0	0.0	Acidic-Basic
ES	0.0	0.0	Acidic-Polar
ET	0.0	0.0	Acidic-Polar
EV	4.787677983583599	2.0	Acidic-nonPolar
EW	0.0	0.0	Acidic-nonPolar
EY	0.0	0.0	Acidic-Polar
FG	0.0	0.0	nonPolar-nonPolar
FH	0.0	0.0	Basic-nonPolar
FI	4.713235048719578	16.0	nonPolar-nonPolar
FK	0.0	0.0	Basic-nonPolar
FL	22.718235735929696	26.0	nonPolar-nonPolar
FM	0.0	0.0	nonPolar-nonPolar
FN	0.0	0.0	Polar-nonPolar
FP	0.0	0.0	nonPolar-nonPolar
FQ	0.0	0.0	Polar-nonPolar
FR	0.0	0.0	Basic-nonPolar
FS	17.209238921350074	10.0	Polar-nonPolar
FT	0.0	0.0	Polar-nonPolar
FV	3.979116279401472	9.0	nonPolar-nonPolar
FW	0.0	0.0	nonPolar-nonPolar
FY	3.429348000492873	8.0	Polar-nonPolar
GH	0.0	0.0	Basic-nonPolar
GI	0.0	0.0	nonPolar-nonPolar
GK	0.0	0.0	Basic-nonPolar
GL	0.0	0.0	nonPolar-nonPolar
GM	0.0	0.0	nonPolar-nonPolar
GN	0.0	0.0	Polar-nonPolar
GP	0.0	0.0	nonPolar-nonPolar
GQ	0.0	0.0	Polar-nonPolar
GR	21.803775729963757	13.0	Basic-nonPolar
GS	17.884349925854387	15.0	Polar-nonPolar
GT	0.0	0.0	Polar-nonPolar
GV	8.342798917107455	5.0	nonPolar-nonPolar
GW	1.24102665334795	3.0	nonPolar-nonPolar
GY	0.0	0.0	Polar-nonPolar
HI	0.0	0.0	Basic-nonPolar
HK	0.0	0.0	Basic-Basic
HL	2.4825266347086203	3.0	Basic-nonPolar
HM	0.0	0.0	Basic-nonPolar
HN	5.257700917314838	10.0	Basic-Polar
HP	3.6282631858939305	3.0	Basic-nonPolar
HQ	8.575087471177582	13.0	Basic-Polar
HR	11.336536162958872	4.0	Basic-Basic
HS	0.0	0.0	Basic-Polar
HT	0.0	0.0	Basic-Polar
HV	0.0	0.0	Basic-nonPolar
HW	0.0	0.0	Basic-nonPolar
HY	13.15185330300219	11.0	Basic-Polar
IK	2.7752583350942395	3.0	Basic-nonPolar
IL	7.832679682788341	27.0	nonPolar-nonPolar
IM	19.426951645744328	12.0	nonPolar-nonPolar
IN	5.908187384255969	12.0	Polar-nonPolar
IP	0.0	0.0	nonPolar-nonPolar
IQ	0.0	0.0	Polar-nonPolar
IR	1.7169654384837274	2.0	Basic-nonPolar
IS	5.780943359895114	5.0	Polar-nonPolar
IT	32.32458733477726	12.0	Polar-nonPolar
IV	24.807007796750792	25.0	nonPolar-nonPolar
IW	0.0	0.0	nonPolar-nonPolar
IY	0.0	0.0	Polar-nonPolar
KL	0.0	0.0	Basic-nonPolar
KM	3.4615263186435783	6.0	Basic-nonPolar
KN	15.715907625688077	22.0	Basic-Polar
KP	0.0	0.0	Basic-nonPolar
KQ	7.107481228546657	11.0	Basic-Polar
KR	21.931365026125572	20.0	Basic-Basic
KS	0.0	0.0	Basic-Polar
KT	6.8665400679183755	4.0	Basic-Polar
KV	0.0	0.0	Basic-nonPolar
KW	0.0	0.0	Basic-nonPolar
KY	0.0	0.0	Basic-Polar
LM	6.07003146747997	14.0	nonPolar-nonPolar
LN	0.0	0.0	Polar-nonPolar
LP	33.55600101757533	22.0	nonPolar-nonPolar
LQ	4.138634577677111	6.0	Polar-nonPolar
LR	5.820568751523145	4.0	Basic-nonPolar
LS	17.29502851972272	11.0	Polar-nonPolar
LT	0.0	0.0	Polar-nonPolar
LV	11.256214276846089	21.0	nonPolar-nonPolar
LW	2.1323277606121858	0.0	nonPolar-nonPolar
LY	0.0	0.0	Polar-nonPolar
MN	0.0	0.0	Polar-nonPolar
MP	0.0	0.0	nonPolar-nonPolar
MQ	0.0	0.0	Polar-nonPolar
MR	2.6919506849722787	1.0	Basic-nonPolar
MS	0.0	0.0	Polar-nonPolar
MT	11.533193988050057	6.0	Polar-nonPolar
MV	12.312836875042278	8.0	nonPolar-nonPolar
MW	0.0	0.0	nonPolar-nonPolar
MY	0.0	0.0	Polar-nonPolar
NP	0.0	0.0	Polar-nonPolar
NQ	0.0	0.0	Polar-Polar
NR	0.0	0.0	Basic-Polar
NS	23.54532865226424	17.0	Polar-Polar
NT	6.177211060937055	5.0	Polar-Polar
NV	0.0	0.0	Polar-nonPolar
NW	0.0	0.0	Polar-nonPolar
NY	4.642755635998576	6.0	Polar-Polar
PQ	5.785676448033991	12.0	Polar-nonPolar
PR	7.527306319254524	7.0	Basic-nonPolar
PS	36.9209669241151	31.0	Polar-nonPolar
PT	10.050101698463175	18.0	Polar-nonPolar
PV	0.0	0.0	nonPolar-nonPolar
PW	0.0	0.0	nonPolar-nonPolar
PY	0.0	0.0	Polar-nonPolar
QR	14.18254588143316	13.0	Basic-Polar
QS	0.0	0.0	Polar-Polar
QT	0.0	0.0	Polar-Polar
QV	0.0	0.0	Polar-nonPolar
QW	0.0	0.0	Polar-nonPolar
QY	0.0	0.0	Polar-Polar
RS	11.197751451689678	11.0	Basic-Polar
RT	4.100111199025883	8.0	Basic-Polar
RV	0.0	0.0	Basic-nonPolar
RW	5.328691710134274	3.0	Basic-nonPolar
RY	0.0	0.0	Basic-Polar
ST	13.020695596667094	28.0	Polar-Polar
SV	0.0	0.0	Polar-nonPolar
SW	1.8767114349110188	1.0	Polar-nonPolar
SY	3.864902617748542	6.0	Polar-Polar
TV	0.0	0.0	Polar-nonPolar
TW	0.0	0.0	Polar-nonPolar
TY	0.0	0.0	Polar-Polar
VW	0.0	0.0	nonPolar-nonPolar
VY	0.0	0.0	Polar-nonPolar
WY	0.0	0.0	Polar-nonPolar
